200	https://www.ranibeautyclinic.com/
200	https://www.ranibeautyclinic.com/services
200	https://www.ranibeautyclinic.com/services/cosmelan-peel
200	https://www.ranibeautyclinic.com/services/microneedling-arrissence-undereye
200	https://www.ranibeautyclinic.com/services/hydrafacial
200	https://www.ranibeautyclinic.com/services/botox-dysport
200	https://www.ranibeautyclinic.com/services/chemical-peels
200	https://www.ranibeautyclinic.com/services/rf-microneedling
200	https://www.ranibeautyclinic.com/services/sofwave
200	https://www.ranibeautyclinic.com/wellness
200	https://www.ranibeautyclinic.com/wellness/glp1-weight-management
200	https://www.ranibeautyclinic.com/wellness/hormone-therapy
200	https://www.ranibeautyclinic.com/pricing
200	https://www.ranibeautyclinic.com/about
200	https://www.ranibeautyclinic.com/contact
200	https://www.ranibeautyclinic.com/blog
200	https://www.ranibeautyclinic.com/locations/renton
200	https://www.ranibeautyclinic.com/robots.txt
200	https://www.ranibeautyclinic.com/llms.txt
200	https://www.ranibeautyclinic.com/llms-full.txt
404	https://www.ranibeautyclinic.com/sitemap.xml
200	https://www.ranibeautyclinic.com/sitemap/0.xml
200	https://www.ranibeautyclinic.com/sitemap/1.xml
200	https://www.ranibeautyclinic.com/sitemap/2.xml
200	https://www.ranibeautyclinic.com/sitemap/3.xml
200	https://www.ranibeautyclinic.com/sitemap/4.xml
200	https://www.ranibeautyclinic.com/sitemap/5.xml
